index,epoch,psnr,ssim,rec_loss,quant_error,utilization,perplexity
1,5,27.204061267089845,0.7127470970698765,0.01394976242865835,0.011420447722503117,1.0,703.3115844726562
2,10,27.529948311941965,0.7238391577584403,0.012914807063128267,0.011753643942092147,1.0,733.1113891601562
3,15,27.785593352399555,0.7298297804696219,0.012283483873520578,0.01116843411411558,1.0,723.9749755859375
4,20,27.913399942452568,0.7350794103894915,0.011902475828783853,0.011453493581073625,1.0,759.5888061523438
5,25,28.02583973388672,0.7387187640598842,0.011521703721795763,0.010966157851474626,1.0,744.8721313476562
6,30,28.084242813546318,0.7399834865570069,0.011387316274217197,0.010975438957129206,1.0,759.3359985351562
