index,epoch,psnr,ssim,rec_loss,quant_error,utilization,perplexity
1,5,26.049187711007253,0.6915899680001395,0.01791380909851619,0.023416958739076343,0.00364,131.6565399169922
2,10,26.825567360142298,0.7137911235264369,0.014784979867509433,0.016345479112012045,0.00486,204.4198760986328
3,15,27.276896371023994,0.7226413002559117,0.013674582430933203,0.013891791134434088,0.00664,281.2173156738281
4,20,27.52131167515346,0.7279598093305315,0.012776678373983929,0.0117549069664308,0.00844,357.0785827636719
5,25,27.70217749720982,0.733265962273734,0.012332674170179027,0.010707787285106523,0.01036,441.00469970703125
6,30,27.833938431222098,0.7359895071302142,0.011954417910746166,0.009710572957353933,0.01228,516.7955322265625
