index,epoch,psnr,ssim,rec_loss,quant_error,utilization,perplexity
1,5,27.258449347795757,0.7110826325552804,0.014020473155805043,0.007355796991607972,0.04016,1313.806640625
2,10,27.761841160365513,0.7284233872549875,0.012363224003783294,0.006669423400184938,0.04544,1427.8792724609375
3,15,27.96737904401507,0.7358257904052734,0.011729713103813785,0.006831568617586579,0.04982,1477.6851806640625
4,20,28.160575495256698,0.7397873860495431,0.011244285696319172,0.006975772802957467,0.05366,1550.2164306640625
5,25,28.236509537179128,0.744398142024449,0.010986639355335916,0.007232965348660946,0.057,1629.978759765625
6,30,28.36594782191685,0.7463689619881766,0.010705847344015326,0.007129618268140725,0.06016,1642.8896484375
