index,epoch,psnr,ssim,rec_loss,quant_error,utilization,perplexity
1,5,25.920100455147878,0.6919101422991072,0.017953429136531692,0.021088035864063673,0.039794921875,123.40058898925781
2,10,26.918188099888393,0.7138323765345982,0.014657093852545534,0.01768226111446108,0.05908203125,191.73788452148438
3,15,27.269307273646763,0.723096777507237,0.013556547996614661,0.014819679795418466,0.072998046875,252.791748046875
4,20,27.53865155029297,0.7288434641156878,0.012809061307566507,0.013581010059160846,0.091552734375,319.6882629394531
5,25,27.669140455845422,0.7338966176169259,0.012389674987111772,0.012169641645465579,0.108154296875,378.13336181640625
6,30,27.84319576939174,0.7370397508348737,0.011926101214757987,0.011004196705988475,0.124755859375,435.04730224609375
