index,epoch,psnr,ssim,rec_loss,quant_error,utilization,perplexity
1,5,27.44954187360491,0.7183779441288539,0.01321540240943432,0.00625063295630472,0.1312255859375,1672.8828125
2,10,27.798632870047435,0.7309629370553153,0.012209204381917204,0.006399189961914505,0.13128662109375,1686.316162109375
3,15,28.094593936593192,0.7391080475398473,0.01151031244950635,0.006512818935513497,0.13165283203125,1708.2225341796875
4,20,28.221780838448662,0.7417359313964844,0.011053362128777163,0.0063742459593074665,0.1329345703125,1691.74853515625
5,25,28.355499788992745,0.7464675957815988,0.010762338935690266,0.006341595722947802,0.13623046875,1741.0731201171875
6,30,28.38799328613281,0.7475930258614676,0.010609755742975643,0.0063410664288061,0.1402587890625,1795.6923828125
