index,epoch,psnr,ssim,rec_loss,quant_error,utilization,perplexity
1,5,27.085354560198102,0.7086518438066755,0.01453216568997928,0.010284273896898542,0.44580078125,749.5531616210938
2,10,27.64891323765346,0.7265673643929618,0.012601697958367212,0.009386528529865401,0.4892578125,815.9420776367188
3,15,27.947970772879465,0.7362653268541609,0.011815485304168292,0.008129526405462197,0.6123046875,1010.1954345703125
4,20,28.04980491768973,0.740390929031372,0.011365419856139591,0.0072452497156603,0.7685546875,1245.2437744140625
5,25,28.273086722237725,0.7453179562704904,0.010882767474438462,0.006688819199055433,0.92529296875,1505.914794921875
6,30,28.388050467354912,0.7486421462467738,0.010663035854058606,0.006551814053952694,1.0,1607.9918212890625
