index,epoch,psnr,ssim,rec_loss,quant_error,utilization,perplexity
1,5,25.705749278041296,0.6883611405508859,0.018806004374793597,0.03933721768856049,0.00117,75.04812622070312
2,10,26.62340428466797,0.7117734055110386,0.015384188760391304,0.027496700915694238,0.00208,157.44772338867188
3,15,27.209957917131696,0.7238193610055106,0.013672214816084929,0.02380477348268032,0.00298,241.4920196533203
4,20,27.565327047293525,0.7305118511744908,0.012708892144475665,0.021466196435689925,0.00401,323.5769958496094
5,25,27.678610862513953,0.7349971856253488,0.012287984068691731,0.019172949969342778,0.00494,402.31439208984375
6,30,27.857734948730467,0.7420181074414934,0.011820977342980248,0.018277119847706386,0.0058,480.9841003417969
