index,epoch,psnr,ssim,rec_loss,wasserstein_loss,quant_error,utilization,perplexity
1,5,27.96078739188058,0.7377085255214146,0.011622975174656935,0.08300005666102682,0.09370143238646643,1.0,15535.583984375
2,10,28.52730877685547,0.7507321999141148,0.010500522903459413,0.07568682643089976,0.09830465000697544,1.0,15609.78125
3,15,28.690547595214845,0.7554679070608956,0.010114141628997667,0.07165035502740315,0.09851068669898169,1.0,15551.2666015625
4,20,28.815772378976003,0.7595074333190918,0.009689490171202592,0.06544071169751031,0.1001378078358514,1.0,15547.025390625
5,25,28.932816176060268,0.7618036895751953,0.009482476898389203,0.06609673586062023,0.10103928858382362,1.0,15400.9912109375
6,30,29.02837042933873,0.7659381977626255,0.009263351263957364,0.05966828249352319,0.10793332920244762,1.0,15713.302734375
