index,epoch,psnr,ssim,rec_loss,quant_error,utilization,perplexity
1,5,26.704620230538506,0.6957477712903704,0.015933752336885248,0.0025210566003939935,0.7431640625,621.9700317382812
2,10,27.086939088657925,0.7087527671269008,0.014573690868062632,0.0024170516974691835,0.7421875,617.0908813476562
3,15,27.302074009486606,0.7152822008405413,0.013753897183920656,0.0025079700208136013,0.7421875,623.3984985351562
4,20,27.470473280552454,0.7211562532152448,0.013174333020831857,0.002512812719706978,0.7421875,618.7545166015625
5,25,27.554628972516742,0.7218882645198277,0.012908321630954742,0.0025292630509606427,0.7421875,618.3253784179688
6,30,27.664023941476003,0.7273054271153041,0.012530864259600639,0.002551447762974671,0.7412109375,618.8566284179688
