index,epoch,psnr,ssim,rec_loss,quant_error,utilization,perplexity
1,5,27.4162527117048,0.7180032016209194,0.013519304332562855,0.006886318159635578,0.2266845703125,1463.76318359375
2,10,27.784438602120535,0.7295905503954206,0.012225230423041753,0.006746861111266272,0.228271484375,1462.3316650390625
3,15,28.05028597063337,0.7372832392556327,0.0115267267412373,0.006640337574056216,0.239501953125,1535.146240234375
4,20,28.224554802594866,0.742507476915632,0.01105824753748519,0.006374379933519023,0.25390625,1612.585205078125
5,25,28.326475287737164,0.7446581812722343,0.010875270143789905,0.006220752079997744,0.2716064453125,1715.22314453125
6,30,28.391607657296316,0.7480018621172224,0.010612802986374924,0.006184579360485077,0.2890625,1839.2017822265625
