index,epoch,psnr,ssim,rec_loss,quant_error,utilization,perplexity
1,5,27.178536537388393,0.7110284760611398,0.014259248784823077,0.011406348633127552,0.384765625,818.451171875
2,10,27.623936908830917,0.7250851728166853,0.012730081071385315,0.010479675167798996,0.51953125,1123.4879150390625
3,15,27.941489512416293,0.7322427806309292,0.011956209289814744,0.010266993127550398,0.628662109375,1378.9937744140625
4,20,28.08373875732422,0.7373297546386719,0.011503341910455909,0.010008791783877782,0.695068359375,1534.1422119140625
5,25,28.18112237200056,0.7390837122235979,0.011286704879360539,0.009675786238908768,0.7080078125,1577.8758544921875
6,30,28.251981403459823,0.7409113669259207,0.011017354641216141,0.009258868290909699,0.706787109375,1600.003173828125
