index,epoch,psnr,ssim,rec_loss,wasserstein_loss,quant_error,utilization,perplexity
1,5,27.661497033691408,0.7253365097045898,0.012650665032863617,0.08829436707879816,0.06297583396434783,1.0,3852.7783203125
2,10,28.05273304094587,0.737084946005685,0.011634270219930581,0.0892234381028584,0.06836268065146038,1.0,3861.6513671875
3,15,28.2491958984375,0.7426605147770473,0.011043742941319943,0.09502827982561929,0.07003969161851066,1.0,3857.42578125
4,20,28.404691983468194,0.746832430267334,0.01063970729793821,0.09559469585078104,0.07134780595302581,1.0,3875.4677734375
5,25,28.491178039550782,0.7488683353969029,0.010434493023582868,0.09901565701110022,0.071814216702325,1.0,3834.4873046875
6,30,28.54462167096819,0.7514521058763777,0.010249069964672838,0.09626956143038613,0.07206391680921827,1.0,3895.3583984375
