index,epoch,psnr,ssim,rec_loss,wasserstein_loss,quant_error,utilization,perplexity
1,5,27.99526064453125,0.7363598478044783,0.011668122458670821,0.0917663283441748,0.12887281559876032,1.0,7678.31640625
2,10,28.386538403320312,0.7481495940072196,0.01070018863528967,0.08405563977445875,0.13239781705311365,1.0,7691.9921875
3,15,28.506414308384485,0.7525773809705462,0.01039647619000503,0.08509516577039446,0.1383422719682966,1.0,7523.76025390625
4,20,28.61739908098493,0.7555423791612897,0.010085100355318614,0.07572292434488025,0.13970137487820217,1.0,7670.43408203125
5,25,28.767632439313616,0.7602238531385149,0.009813276908014501,0.07033247512238366,0.14278913577284133,1.0,7704.3115234375
6,30,28.80630342843192,0.7617284764426095,0.009858836443296501,0.0695290203324386,0.14676984598977225,1.0,7731.544921875
