index,epoch,psnr,ssim,rec_loss,quant_error,utilization,perplexity
1,5,27.544548943219866,0.7178285543169294,0.013035106989102704,0.004454608247109822,0.041,3187.900146484375
2,10,27.966772961425782,0.7343405063084194,0.011765265888827188,0.0048094650157860346,0.03712,2903.830322265625
3,15,28.190282882254465,0.7398819400787353,0.011192276247058595,0.005083930017479829,0.03387,2613.75390625
4,20,28.268162039620535,0.74384381375994,0.01090550812716995,0.0054638584818158835,0.03097,2403.827880859375
5,25,28.388374616350447,0.7465227100917271,0.010629213405719826,0.005723130182496139,0.02878,2218.192138671875
6,30,28.433468111746652,0.7480331194741385,0.010539320556819439,0.006087196945824793,0.0268,2087.4921875
