index,epoch,psnr,ssim,rec_loss,quant_error,utilization,perplexity
1,5,26.053467878069196,0.6770585418156215,0.018311951122113635,0.015862268587521145,0.01742,548.0397338867188
2,10,26.48593919328962,0.6923774056025914,0.016518149761855602,0.01163309254348278,0.02245,840.3641357421875
3,15,26.711703955078125,0.698516179384504,0.015726193908069817,0.010437201144652707,0.02645,1016.2211303710938
4,20,26.858837963867188,0.7016624437059675,0.015293643942901067,0.008591634980482715,0.02991,1206.1285400390625
5,25,27.024403773716518,0.7072144609723773,0.014587215554288456,0.007823472411824125,0.03321,1461.0867919921875
6,30,27.116390890066963,0.7110322612217495,0.014234104474953243,0.006642033058085612,0.03577,1556.784912109375
