index,epoch,psnr,ssim,rec_loss,quant_error,utilization,perplexity
1,5,26.08734452950614,0.6897970991407122,0.01766411556984697,0.0212461165027959,0.01068115234375,122.89107513427734
2,10,26.894032144601006,0.7119350682394845,0.014776210012819086,0.016892658656835556,0.01483154296875,200.2526092529297
3,15,27.128011746651786,0.7200260548182896,0.013842287180040564,0.014247988299173968,0.0208740234375,280.96881103515625
4,20,27.427607887486047,0.7280612307412284,0.013172442726152284,0.012333848243951798,0.0264892578125,364.73773193359375
5,25,27.659672187151227,0.7331383439200265,0.012405787456674235,0.010856713607694421,0.03204345703125,445.74444580078125
6,30,27.831899408830914,0.737702242224557,0.011937460507665362,0.009978056890198162,0.03814697265625,527.249267578125
