index,epoch,psnr,ssim,rec_loss,quant_error,utilization,perplexity
1,5,25.811468528529577,0.686222529220581,0.018623037947501454,0.04582071200438908,0.06591796875,90.20499420166016
2,10,26.70843677106585,0.7094933215550014,0.015327962396613189,0.03058752370604447,0.10009765625,160.88478088378906
3,15,27.14231366141183,0.7214424919673375,0.013971096013060638,0.026622340480770383,0.14892578125,235.46676635742188
4,20,27.412442476981028,0.7271314798627581,0.013242050169195448,0.02214624831506184,0.18408203125,303.49884033203125
5,25,27.555763366699217,0.7335275980268205,0.012587215631135873,0.021278464875476702,0.2255859375,384.1789245605469
6,30,27.780059381975445,0.7379375063214983,0.012058336899535997,0.01896824868491718,0.2763671875,453.0093994140625
