index,epoch,psnr,ssim,rec_loss,quant_error,utilization,perplexity
1,5,26.01353883579799,0.6871852719443186,0.018135011207205908,0.024652340630122595,0.0166015625,97.82059478759766
2,10,26.80381873953683,0.7107040976933071,0.015018462515303067,0.018893107381888798,0.0230712890625,154.5660858154297
3,15,27.186540208217075,0.7184020880017962,0.013922033493220807,0.016147534113270894,0.0303955078125,214.25247192382812
4,20,27.454992384556363,0.7273781530652728,0.013038614414845193,0.014391341972351075,0.039306640625,276.3426818847656
5,25,27.605673038155693,0.7306369489397322,0.01280287902291332,0.012905085485747883,0.047607421875,336.5830078125
6,30,27.693561537388394,0.7347425319671631,0.01220778884014913,0.011835170735631671,0.0562744140625,398.0805358886719
