index,epoch,psnr,ssim,rec_loss,wasserstein_loss,quant_error,utilization,perplexity
1,5,27.638440269252232,0.7289011195591518,0.012520152651199273,0.07968303998027529,0.21575865838868277,1.0,1852.0472412109375
2,10,27.966409945242745,0.7402355433872768,0.011694041995491301,0.09702376248155321,0.22319468545913695,1.0,1885.145751953125
3,15,28.125027265276227,0.7452583470480783,0.011354133212140629,0.07925947466577803,0.22677646475519453,1.0,1868.4732666015625
4,20,28.26337940499442,0.7487904941013881,0.011063709652636733,0.06816927856377193,0.23160708035060337,1.0,1906.2852783203125
5,25,28.305262496512277,0.7509805799756731,0.010819027305287974,0.06743729989358357,0.2396675825868334,1.0,1904.3863525390625
6,30,28.323893277413504,0.7529249088287353,0.010692267253782068,0.0724688635621752,0.23214814973899298,1.0,1840.484375
