index,epoch,psnr,ssim,rec_loss,quant_error,utilization,perplexity
1,5,26.740003056989398,0.6980375279017857,0.01586079666529383,0.020132027608156203,0.1412353515625,450.9541931152344
2,10,27.443751871163503,0.7195322745731899,0.013258791724273137,0.014073578367914473,0.1805419921875,656.0953979492188
3,15,27.67526515764509,0.7262178145272391,0.01256442919863122,0.01260956095457077,0.229248046875,910.733154296875
4,20,27.856018331473216,0.7327357384272984,0.012036776417919568,0.011996995098463126,0.2686767578125,1044.6190185546875
5,25,28.040146845354354,0.7375113140106201,0.01156332785487175,0.011650713152119092,0.31201171875,1249.43701171875
6,30,28.15154388253348,0.739493820299421,0.011309471846478326,0.01118014288033758,0.34912109375,1474.3533935546875
