index,epoch,psnr,ssim,rec_loss,quant_error,utilization,perplexity
1,5,27.021785799734932,0.7055197463444302,0.014483976813299316,0.011165407505418574,0.93896484375,993.6672973632812
2,10,27.741282277134488,0.7268322165897915,0.012447877177170344,0.009569259662074702,1.0,1335.7694091796875
3,15,27.941490579659597,0.7348104598454067,0.011833341640872614,0.008909813544792788,1.0,1374.45751953125
4,20,28.14136647077288,0.7387953153337751,0.011301036633338247,0.008594254774493831,1.0,1418.50341796875
5,25,28.24816655796596,0.7425373027256557,0.011000229293533734,0.00827632842702525,1.0,1428.560302734375
6,30,28.339789003208704,0.7455477451324463,0.010766391582574163,0.008162121019618851,0.99951171875,1462.626708984375
