index,epoch,psnr,ssim,rec_loss,quant_error,utilization,perplexity
1,5,26.08773231549944,0.689963107081822,0.018062834765229907,0.02541004236510822,0.1591796875,111.30929565429688
2,10,26.39564463762556,0.7080745081765311,0.016025893364846708,0.01947279723712376,0.21875,177.01048278808594
3,15,27.056936624581475,0.7164636882237025,0.014123881340452603,0.015106273657509259,0.279296875,239.75375366210938
4,20,27.354574300711494,0.7247853224618094,0.01329203472754785,0.01299037973838193,0.3544921875,303.1046142578125
5,25,27.47734456089565,0.7287035685947963,0.012896091588267258,0.011783143066082682,0.4326171875,373.0512390136719
6,30,27.637923050362723,0.7327389090401786,0.012466080227707113,0.010945173042161124,0.5166015625,446.2233581542969
