index,epoch,psnr,ssim,rec_loss,wasserstein_loss,quant_error,utilization,perplexity
1,5,27.37559259033203,0.718537381035941,0.013627098286364759,0.09612510698097093,0.13195735563550676,1.0,953.2562866210938
2,10,27.723990370396205,0.7294298229762486,0.012410271512397698,0.07621782377277102,0.14065057567868913,1.0,977.5042114257812
3,15,27.887889013671874,0.7347505108424596,0.012000807750650815,0.08307129554237638,0.14304447588239397,1.0,963.095458984375
4,20,27.951516132463727,0.7385787913731167,0.011687431773543358,0.0730414009639195,0.14344553000586374,1.0,964.2547607421875
5,25,28.06237811279297,0.742127118737357,0.011373239396512509,0.07625911893844604,0.14531797571863447,1.0,964.1568603515625
6,30,28.105648086983816,0.7436789604731968,0.011239898144347327,0.07575634423068592,0.14643006354059493,1.0,977.371826171875
