index,epoch,psnr,ssim,rec_loss,quant_error,utilization,perplexity
1,5,27.401783939034598,0.717023010635376,0.013440497404549803,0.007174178952617304,0.445068359375,1428.5780029296875
2,10,27.760862156459265,0.7305250997815813,0.012278426533937454,0.006975190309541566,0.455322265625,1478.51904296875
3,15,28.062457024274554,0.7381690935952323,0.0115156073898077,0.006604403815099171,0.487548828125,1589.540283203125
4,20,28.19150333949498,0.7427076987130301,0.011112956754224641,0.006125045610857862,0.569580078125,1847.2957763671875
5,25,28.38956539655413,0.7478856692177909,0.01065762478028025,0.005675703667317118,0.669189453125,2174.93798828125
6,30,28.486699628557478,0.7497205887930734,0.010425208680757454,0.005159760083896773,0.76708984375,2443.14794921875
