index,epoch,psnr,ssim,rec_loss,quant_error,utilization,perplexity
1,5,27.531124652971542,0.7205773126874652,0.013060238675986017,0.0043784942020262995,0.10012,3983.7314453125
2,10,28.016934509277345,0.7347109809330532,0.01165610837404217,0.004086037909239531,0.0968,3814.3251953125
3,15,28.24781178501674,0.7410017051696778,0.011006598832777569,0.004085085386676447,0.09644,3797.183837890625
4,20,28.415774441964285,0.7467700890677316,0.01061299310262714,0.004140449345963342,0.0981,3864.875
5,25,28.49824089878627,0.7490993636540004,0.010410146800109318,0.0040851670577057774,0.1001,3920.025146484375
6,30,28.608953029087612,0.7525485451834543,0.010105701706664904,0.004168184702736991,0.1026,4075.722412109375
