index,epoch,psnr,ssim,rec_loss,wasserstein_loss,quant_error,utilization,perplexity
1,5,28.486162496512275,0.7506022645132883,0.010390751750767232,0.07186114378401211,0.10128837794576373,1.0,93927.125
2,10,28.993688483537948,0.7641778663635254,0.009476746193000249,0.06351817848341805,0.1032488504239491,1.0,93488.78125
3,15,29.215769435337613,0.7696581723349435,0.008999073100090026,0.0593841882458755,0.1053707389831543,1.0,92474.890625
4,20,29.33166441127232,0.7728949879782541,0.00871974316548024,0.0559338990858623,0.10576178004741668,1.0,94032.9765625
5,25,29.45250895124163,0.7776314531598773,0.008442841247043439,0.05562981775573322,0.10877416696548461,1.0,92787.609375
6,30,29.53227956717355,0.7797035023280553,0.008306628980806896,0.05177941501310893,0.10773307735238756,1.0,93152.7265625
