index,epoch,psnr,ssim,rec_loss,quant_error,utilization,perplexity
1,5,26.67007629045759,0.6942845023018973,0.01611354548654386,0.0022901792777436122,0.09881591796875,898.1394653320312
2,10,27.161125981794086,0.7091628214154925,0.014247172591090202,0.001965586331486702,0.1126708984375,1062.9368896484375
3,15,27.344144341169084,0.7161294956752232,0.0136192504506026,0.0018447097943297454,0.11419677734375,1115.4967041015625
4,20,27.394517027064733,0.7197718245370047,0.013307088796368667,0.0017862297032560622,0.1158447265625,1097.4105224609375
5,25,27.63869606236049,0.7233003271920341,0.012649551741353102,0.0017846292745321989,0.11895751953125,1135.0223388671875
6,30,27.67838408377511,0.7258046519688197,0.012461702917303358,0.0017497891883232763,0.1173095703125,1115.3408203125
