index,epoch,psnr,ssim,rec_loss,wasserstein_loss,quant_error,utilization,perplexity
1,5,28.275578881835937,0.7428776081085205,0.011070722280655589,0.11427179799675942,0.06098448235307421,1.0,46210.796875
2,10,28.705010281808036,0.7533342648642404,0.01004712515090193,0.08559012832301004,0.06347442610008376,1.0,46115.0859375
3,15,28.897093123953685,0.7588688021523612,0.009610730459008898,0.08433383117999349,0.06749039437089648,1.0,46260.7109375
4,20,29.062818634905135,0.7654108219691685,0.009220947115655456,0.07738693459204266,0.06756625553199223,1.0,46184.44921875
5,25,29.158312419782366,0.7679857906886509,0.0089923128798604,0.08194665905237197,0.07200487772566931,0.99998,46092.83984375
6,30,29.24237339390346,0.7698286937168666,0.008864050809293986,0.08220540218353271,0.0747466078042984,1.0,47496.42578125
