index,epoch,psnr,ssim,rec_loss,quant_error,utilization,perplexity
1,1,25.0268365423584,0.5951938715934754,0.026217942048311235,0.015218169117569923,0.10128,3646.06103515625
2,2,25.145570361328126,0.6005198529624939,0.02561686398088932,0.01606996400028467,0.10314,3759.274658203125
3,3,25.255782054443358,0.6036934976577759,0.025155439886152743,0.015353373963832856,0.1209,4394.0732421875
4,4,25.373060463256834,0.6087079490661621,0.02459348194539547,0.01339481960773468,0.16766,6139.34375
