index,epoch,psnr,ssim,rec_loss,quant_error,utilization,perplexity
1,1,23.89637211303711,0.5576740510940552,0.03250851588726044,0.04092384917974472,0.0046,195.14170837402344
2,2,24.11172543334961,0.5645973004150391,0.031165585290789603,0.03805693757176399,0.0061,259.2504577636719
3,3,24.282459384155274,0.5737610218429565,0.030123524665236472,0.035496430243849755,0.0074,320.8323974609375
4,4,24.400387111816407,0.5768625402069092,0.029452839184999465,0.032654532353878024,0.00878,378.6891174316406
