index,epoch,psnr,ssim,rec_loss,wasserstein_loss,quant_error,utilization,perplexity
1,1,25.630759072265626,0.6175598256492615,0.023390389859378337,0.17998832992732525,0.08394542045593262,0.99996,93676.109375
2,2,25.7762399798584,0.6251765961456299,0.022775821309089662,0.1853674655711651,0.0876905667412281,0.99981,92784.25
3,3,25.84772843017578,0.6276861991500855,0.02251197278857231,0.18802457734107972,0.09274148555517196,0.99976,93505.28125
4,4,25.878314939575194,0.6303317686080933,0.022342436648011207,0.19526434603214263,0.09859318310260773,0.99992,93264.734375
