index,epoch,psnr,ssim,rec_loss,wasserstein_loss,quant_error,utilization,perplexity
1,1,25.511970892944337,0.6154267513656616,0.023890809636712074,0.2158259532189369,0.10265727160930634,1.0,46763.62890625
2,2,25.63647087036133,0.6203704526138306,0.02333984827041626,0.21929868721485138,0.10512982055187226,1.0,47177.98046875
3,3,25.691204184570314,0.6222113103485107,0.02314357874304056,0.23518132515907286,0.10899783372879028,0.99998,46207.75390625
4,4,25.71776776916504,0.6230556655883789,0.0229830757316947,0.2315014087867737,0.11241019337892533,1.0,46133.1640625
