index,epoch,psnr,ssim,rec_loss,quant_error,utilization,perplexity
1,1,24.578294450683593,0.5732532409667969,0.028872010118961334,0.010943022552132607,0.15264892578125,1208.1156005859375
2,2,24.72667259460449,0.5797635385704041,0.028068578377664088,0.011604441527724265,0.19207763671875,1325.596923828125
3,3,24.822258867797853,0.5833459434700012,0.027577952146232126,0.011904709335565568,0.209716796875,1403.700439453125
4,4,24.879790430297852,0.5856346104812622,0.02726198377788067,0.012019489804506301,0.22198486328125,1465.614013671875
