index,epoch,psnr,ssim,rec_loss,quant_error,utilization,perplexity
1,1,24.7738301953125,0.5855899523544311,0.02765515648007393,0.019698634563684463,0.05896,1630.4825439453125
2,2,24.908577109375,0.5919092393302917,0.02686872670710087,0.02117516145467758,0.07362,1847.38134765625
3,3,25.01325391784668,0.5946476902961731,0.026401050736606122,0.021405842518806457,0.0868,2102.763427734375
4,4,25.09104671508789,0.5970746625900268,0.025999459139108658,0.021110840480327606,0.09918,2241.691162109375
