index,epoch,psnr,ssim,rec_loss,quant_error,utilization,perplexity
1,1,24.773798910522462,0.5822019998550415,0.027824804743230343,0.008401680565178394,0.154052734375,1960.2938232421875
2,2,24.8860554296875,0.5868089888381958,0.027223812911510468,0.009026538102030754,0.1475830078125,1875.9427490234375
3,3,24.944668356933594,0.5899513927078247,0.02691498341560364,0.009257053489089012,0.1458740234375,1836.380859375
4,4,24.975563719482423,0.5921383502960205,0.02668671497821808,0.009726486234366893,0.14532470703125,1861.506591796875
