index,epoch,psnr,ssim,rec_loss,quant_error,utilization,perplexity
1,1,23.952174995117186,0.5565912166213989,0.0323816652739048,0.024834294633865356,0.00202,174.08587646484375
2,2,24.17226447998047,0.5647311989593505,0.031015470669865607,0.022057266924977302,0.00263,226.57838439941406
3,3,24.305885318603515,0.5706633939361573,0.03019148705124855,0.02080324749946594,0.00325,282.7047119140625
4,4,24.425980717163085,0.5735278619194031,0.029510627598464487,0.01896143739938736,0.00388,337.010498046875
