index,epoch,psnr,ssim,rec_loss,wasserstein_loss,quant_error,utilization,perplexity
1,1,25.258787098388673,0.6033377272033691,0.02529872856706381,0.148688933134079,0.07802549726843834,1.0,15534.7841796875
2,2,25.379333797607423,0.6076737153244018,0.024690523552298546,0.14134398548603058,0.08410100974082947,1.0,15704.41796875
3,3,25.445932825927734,0.6101213605117798,0.02443637045800686,0.14924861550092697,0.0872572579908371,1.0,15640.0595703125
4,4,25.472463916625976,0.6123410274505615,0.024233657568097113,0.15338714898109437,0.08918039397001266,1.0,15539.0517578125
