index,epoch,psnr,ssim,rec_loss,quant_error,utilization,perplexity
1,1,23.992691267089842,0.5567836718368531,0.03201629355788231,0.022520402898788452,0.014404296875,201.76068115234375
2,2,24.20516373779297,0.5655027505111694,0.0308432934987545,0.020542856150865554,0.018310546875,257.50787353515625
3,3,24.340823707885743,0.5703196459579468,0.0299616662979126,0.019110491807460786,0.02252197265625,307.8110046386719
4,4,24.444327231445314,0.5752409930992126,0.029380847645699978,0.01840645930826664,0.025390625,360.6727294921875
