index,epoch,psnr,ssim,rec_loss,quant_error,utilization,perplexity
1,1,24.644614959716797,0.5795820144462586,0.028217626412510872,0.023754449560046197,0.02355,1112.051025390625
2,2,24.784648048095704,0.58552682056427,0.027493527365624906,0.02468545949459076,0.02986,1266.718017578125
3,3,24.854093161621094,0.5884099118041992,0.027089881287515164,0.024787780911922457,0.03571,1481.3382568359375
4,4,24.950147662353515,0.5914929936981201,0.026674519757032396,0.02488507958769798,0.04103,1709.870361328125
