index,epoch,psnr,ssim,rec_loss,quant_error,utilization,perplexity
1,1,25.003651401367186,0.5944396067428589,0.026402588199973105,0.015797158015072345,0.04759,3460.72998046875
2,2,25.077190798339842,0.5983480998992919,0.02593504285633564,0.017441850868463515,0.03958,2859.2861328125
3,3,25.124661369018554,0.6004223825454712,0.025699222497940065,0.01852411024540663,0.03438,2480.372314453125
4,4,25.12899460205078,0.6013599747467041,0.02568183435022831,0.020265322054624557,0.02971,2170.046142578125
