index,epoch,psnr,ssim,rec_loss,lpips,wasserstein_loss,quant_error,utilization,perplexity
1,10,26.38730193394252,0.721036693736485,0.018897601344117096,0.13994083355494907,0.17904647791045053,1.1319850081307548,0.9991,48770.078125
2,20,26.947038338797434,0.7321507980891636,0.014049827139079572,0.11883102765764508,0.16518646761689867,1.1988303085599628,0.99912,48518.0390625
3,30,27.252569853864397,0.742453829574585,0.013084109678438732,0.11643251011031014,0.1509299467401845,1.2350880766732353,0.99912,48638.4453125
4,40,27.36945451660156,0.7481351718902588,0.01274003487676382,0.11370881812913078,0.11822412217259406,1.237020927129473,0.99914,48723.125
