index,epoch,psnr,ssim,lpips,rec_loss,quant_error,utilization,perplexity
1,1,24.711061104736327,0.6504335807418823,0.11268174536943436,0.026676687407493592,0.23515197801589965,1.0,6511.60693359375
2,2,24.676126732177735,0.6499492967414856,0.1148732612657547,0.026756359971761703,0.2280753918504715,1.0,6404.81201171875
3,3,24.70247283996582,0.6501755891036988,0.1140150173664093,0.02640141527712345,0.22474485469818115,1.0,6543.8291015625
4,4,24.70316060546875,0.6506916919517517,0.11406835753440857,0.02661166828095913,0.22205571413516997,1.0,6467.82568359375
5,5,24.693468998413085,0.6492902991867066,0.1144073866057396,0.027078114120364188,0.21930218445777894,1.0,6518.21826171875
