index,epoch,psnr,ssim,lpips,rec_loss,quant_error,utilization,perplexity
1,1,24.69298932861328,0.6528546008300782,0.13430218669652938,0.026340743396878242,0.23397390378952027,0.99835205078125,15240.88818359375
2,2,24.821174915771483,0.6566366333389282,0.13270868298053742,0.025752901132702826,0.2319487628364563,0.998382568359375,15302.1064453125
3,3,24.839419845581055,0.6546239848518371,0.13036554332733155,0.025821612560153008,0.23058266750335693,0.998382568359375,15294.4384765625
4,4,24.857631314086913,0.6552568288421631,0.12921375351190567,0.025461056163311006,0.23009524286270142,0.998321533203125,15375.58349609375
5,5,24.93190975036621,0.6577561090087891,0.1327145607328415,0.025348316375017166,0.22952877675533295,0.998382568359375,15364.5673828125
