index,epoch,psnr,ssim,lpips,rec_loss,quant_error,utilization,perplexity
1,1,25.047962822265625,0.6634425279998779,0.12456825130462647,0.02451635985136032,0.2036811550951004,0.995819091796875,60279.5078125
2,2,25.131690947875978,0.6665135787963867,0.12075969007015229,0.024087352865338325,0.20129222639083863,0.9956741333007812,61020.5
3,3,25.243847225341796,0.6691626874351502,0.12390864616870881,0.023737997866272925,0.20055028748512269,0.9959487915039062,61153.33203125
4,4,25.211102397460937,0.6687917898178101,0.11996359552621841,0.023992185738682746,0.19863622486114502,0.99627685546875,61487.9296875
5,5,25.260943986816407,0.6680910792160034,0.11946226874351501,0.023719811580181122,0.19871612835884095,0.9963912963867188,61567.927734375
