index,epoch,psnr,ssim,lpips,rec_loss,quant_error,utilization,perplexity
1,1,24.470194916992188,0.6429505471038819,0.11736619544506073,0.028106467426419257,0.2506035206127167,1.0,3277.9658203125
2,2,24.439231350708006,0.6420285124397278,0.11826650155544281,0.027964997703433036,0.24479001851081847,1.0,3209.142822265625
3,3,24.479182596435546,0.6423540343475341,0.11784738945960999,0.027594288173913954,0.24084147270679473,1.0,3303.14599609375
4,4,24.485500733032225,0.642424574432373,0.11813800384998321,0.027856278661489486,0.2370022708415985,1.0,3262.82373046875
5,5,24.467319507446287,0.6414505819129944,0.11866264729261398,0.028130049922466278,0.2349572195291519,1.0,3286.263671875
