index,epoch,psnr,ssim,lpips,rec_loss
1,1,24.409177579956054,0.6434289991760254,0.11571162467718124,0.028788077076673507
2,2,24.31665623046875,0.639684789276123,0.11574540160655976,0.029916682970523835
