index,epoch,psnr,ssim,lpips,rec_loss
1,1,24.60169458129883,0.6504279668045044,0.11173487737178803,0.028352677646875383
2,2,24.712589085083007,0.6539422232246399,0.11111131121635437,0.02727180259346962
3,3,24.625836508789064,0.6481357844924927,0.11025997475624084,0.027978223404884338
4,4,24.585739840698242,0.6480931958770751,0.10917851363658905,0.028192973096966743
5,5,24.54825034301758,0.6478788648605347,0.10929788102149963,0.028173941628336908
