index,epoch,psnr,ssim,lpips,rec_loss
1,1,24.45020576904297,0.6447645035552978,0.11569568305015564,0.028347002755999565
2,2,24.311277935791015,0.6399695198059082,0.11573755484104156,0.029938848864436148
3,3,24.294507827148436,0.6393340438461304,0.11468721886873245,0.029547029007077216
4,4,24.350984737548828,0.639706330871582,0.11449214209079743,0.02972791395306587
5,5,24.36272960083008,0.6405592693901062,0.11447071494579315,0.029479438383579255
