index,epoch,psnr,ssim,lpips,rec_loss
1,1,24.77660536804199,0.6558966180992126,0.1068501504778862,0.02715239020705223
2,2,24.813467623901367,0.6588781468582153,0.10683483456134796,0.026874623958468437
