index,epoch,psnr,ssim,lpips,rec_loss
1,1,24.848549075927735,0.6583709139633178,0.10683890038967132,0.02673686081826687
2,2,24.804881806030274,0.6586706875228882,0.10688752907752991,0.026920350099802016
3,3,24.771595275878905,0.6548423128128051,0.10562600853443145,0.026906738673448564
