index,epoch,psnr,ssim,lpips,rec_loss
1,1,24.66143018005371,0.6527391709899902,0.11176761716604233,0.027813977794647216
2,2,24.686311790771484,0.6525945303726196,0.11115101401805878,0.027480192687511444
3,3,24.628277899780272,0.6484114558029175,0.10991738855361939,0.028051651096343996
4,4,24.603570844726562,0.6490355266571045,0.1091390773844719,0.028243030076026916
5,5,24.561737447509767,0.6476240211105346,0.10940875635623933,0.02821025898396969
