index,epoch,psnr,ssim,lpips,rec_loss
1,1,24.465341641845704,0.6451288430213928,0.1039592044878006,0.028695618276596068
2,2,24.398313146972658,0.6430405335617065,0.10447421190738677,0.029327435694336892
3,3,24.457152661132813,0.6420675836181641,0.1040990006017685,0.02877144133746624
4,4,24.31713112487793,0.6401997706413269,0.1045813975596428,0.02978148015499115
5,5,24.37690606567383,0.6404850411415101,0.10397804119110107,0.029463298771381378
