index,epoch,psnr,ssim,lpips,rec_loss
1,1,24.203029161376953,0.6361379465675354,0.10905907174825669,0.030135261180400847
2,2,24.17274727783203,0.6351321126174927,0.1092723462343216,0.030502207243442537
3,3,24.155045704345703,0.6339089702606201,0.10917291943073272,0.030516532388329506
4,4,24.099322341918946,0.6327569735145568,0.10915022824287414,0.0311395858168602
5,5,24.089382525634765,0.629870622291565,0.10904830909729003,0.031139037647247316
