index,epoch,psnr,ssim,lpips,rec_loss
1,1,24.218363521728516,0.6365135220336914,0.10888876564025879,0.03008174158215523
2,2,24.16846124633789,0.6349015603637695,0.10930633913516999,0.030570493238568305
3,3,24.16609182006836,0.6342613480758666,0.10915329506397248,0.030443721170425413
4,4,24.116167209472657,0.6329044478416442,0.1091520560836792,0.03100560600042343
5,5,24.056542777099608,0.6290952801132202,0.10925884219646453,0.031409410090446475
