index,epoch,psnr,ssim,lpips,rec_loss
1,1,24.479529932250976,0.6456141388702392,0.10391035938501358,0.0286170502614975
2,2,24.401149387817384,0.6430908004760743,0.10447271328926086,0.029291441696882248
3,3,24.447830923461915,0.6421970045471191,0.10410038673877717,0.028826803129911423
4,4,24.3166401171875,0.6401339537811279,0.104611662068367,0.029797409222126005
5,5,24.36481970703125,0.6399254707145691,0.10406230141878128,0.02953664088666439
