index,epoch,psnr,ssim,lpips,rec_loss,quant_error,utilization,perplexity
1,1,24.84185001953125,0.6595835734558105,0.13195217159748077,0.025236966896057127,0.21903796242237092,0.997833251953125,30373.3896484375
2,2,24.9391209967041,0.6594016575622559,0.12503760360240937,0.025225308413505555,0.2153069948196411,0.997802734375,30603.2890625
3,3,24.988578497314453,0.6622539099884033,0.12532522356987,0.025042639957666396,0.21389459279060363,0.9979095458984375,30613.2255859375
4,4,25.023178873291016,0.661648095703125,0.12347086084842682,0.024767733281850814,0.21337069544792175,0.9980010986328125,30758.875
5,5,25.087525530395506,0.6633981986618042,0.12535315804958344,0.024475147053003313,0.2131084965610504,0.998016357421875,30752.7314453125
